Workbook

Sheet 가정값
B1: W2O SALADA · 새벽배송 손익분기 시뮬레이터
B2: 노란 셀 = 직접 입력하는 가정값 · 나머지 시트는 자동 계산됩니다 (주 2회 화·목 배송 기준)
B4: ① 매출 가정
B5: 객단가 (평균 결제액) | C5: 18000 | D5: 원 | E5: 본품 최소 11,000원 + 음료·추가구성 평균. 업계 샐러드 새벽배송 1.5~2.5만
B6: 배송일당 주문 수 | C6: 80 | D6: 건 | E6: 이 값을 바꿔가며 손익분기 확인 (기본 시나리오)
B7: 주 배송 횟수 | C7: 2 | D7: 회 | E7: 화·목 = 2회 (Weekly 2 Order)
B8: 월 평균 주 수 | C8: 4.345 | D8: 주 | E8: 52주 ÷ 12개월 = 4.345
B9: ② 변동비 가정 (주문 1건당)
B10: 식자재 원가율 | C10: 0.38 | D10: % | E10: 샐러드·신선 HMR 통상 35~42%
B11: 폐기율 (식자재 대비) | C11: 0.05 | D11: % | E11: 예측생산 신선식품 통상 3~8%
B12: 건당 포장재비 | C12: 1200 | D12: 원 | E12: 보냉박스+아이스팩+용기 (비회수 기준)
B13: PG 수수료율 | C13: 0.033 | D13: % | E13: 토스페이먼츠 약 3.3%
B14: 건당 알림톡비 | C14: 40 | D14: 원 | E14: 주문완료+출발+완료 3건 × 12~15원
B15: ③ 배송 가정 (최소비용 보장 용역)
B16: 코스 최소 보장액 | C16: 100000 | D16: 원 | E16: 집수가 적어도 코스당 최소 지급액. 7만~10만 협의 중 — 이 값만 바꾸면 전체 재계산
B17: 집당 배송 단가 | C17: 1000 | D17: 원 | E17: 한 집 = 1건 (한 집에 샐러드·반찬이 함께 가도 1건)
B18: 코스당 최대 집수 | C18: 200 | D18: 집 | E18: 기사 1명이 새벽 4시간에 도는 물리 한계. 아파트 밀집이면 ↑, 단독주택이면 ↓
B19: ④ 고정비 가정 (월)
B20: 주방 임대·관리비 | C20: 2500000 | D20: 원 | E20: 공유주방~소형 센터 초기 기준
B21: 인건비 | C21: 12000000 | D21: 원 | E21: 조리·포장·CS 4~5명 초기 소규모
B22: 차량·냉장설비 | C22: 1500000 | D22: 원 | E22: 리스·유지·냉장 인프라
B23: 마케팅비 | C23: 3000000 | D23: 원 | E23: 신규 유입 광고 (초기 공격 시 ↑)
B24: 기타 운영비 | C24: 1000000 | D24: 원 | E24: SW·결제·보험·잡비

Sheet 손익
B1: 월간 손익계산서 (현재 가정값 기준)
B3: 물량
B4: 월 배송일 수 | C4: =가정값!$C$7*가정값!$C$8 | E4: 주 배송횟수 × 월평균주수
B5: 월 주문 건수 | C5: =가정값!$C$6*손익!$C$4 | E5: 배송일당 주문수 × 월 배송일수
B6: 배송 (최소비용 보장 구조)
B7: 코스 분기점 | C7: =가정값!$C$16/가정값!$C$17 | E7: 보장액 ÷ 집당단가. 이 집수를 넘으면 건당 원가가 단가로 고정된다
B8: 배송일당 코스 수 | C8: =MAX(1,CEILING(가정값!$C$6/가정값!$C$18,1)) | E8: 집수 ÷ 코스당 최대집수 (올림). 코스를 더 나눠도 분기점 이상이면 총액은 같다
B9: 배송일당 배송비 | C9: =MAX(손익!$C$8*가정값!$C$16,가정값!$C$6*가정값!$C$17) | E9: max(코스수 × 보장액, 집수 × 단가)
B10: 실질 건당 배송비 | C10: =IF(가정값!$C$6=0,0,손익!$C$9/가정값!$C$6) | E10: 물량이 분기점 미만이면 보장액 때문에 올라간다
B11: 매출
B12: 월 매출액 | C12: =가정값!$C$5*손익!$C$5 | E12: 객단가 × 월 주문건수
B13: 변동비 (주문 1건당)
B14: 식자재비 | C14: =가정값!$C$5*가정값!$C$10 | E14: 객단가 × 원가율
B15: 폐기 손실 | C15: =손익!$C$14*가정값!$C$11 | E15: 식자재비 × 폐기율
B16: 포장재비 | C16: =가정값!$C$12
B17: 배송비 (실질 건당) | C17: =손익!$C$10 | E17: 위 배송 섹션에서 계산 — 물량에 따라 변한다
B18: PG 수수료 | C18: =가정값!$C$5*가정값!$C$13 | E18: 객단가 × PG율
B19: 알림톡비 | C19: =가정값!$C$14
B20: 건당 변동비 합계 | C20: =손익!$C$14+손익!$C$15+손익!$C$16+손익!$C$17+손익!$C$18+손익!$C$19
B21: 공헌이익
B22: 건당 공헌이익 | C22: =손익!$C$12/손익!$C$5-손익!$C$20 | E22: 객단가 − 건당 변동비
B23: 공헌이익률 | C23: =손익!$C$22/가정값!$C$5
B24: 월 공헌이익 | C24: =손익!$C$22*손익!$C$5
B25: 고정비 (월)
B26: 주방 임대·관리비 | C26: =가정값!$C$20
B27: 인건비 | C27: =가정값!$C$21
B28: 차량·냉장설비 | C28: =가정값!$C$22
B29: 마케팅비 | C29: =가정값!$C$23
B30: 기타 운영비 | C30: =가정값!$C$24
B31: 월 고정비 합계 | C31: =손익!$C$26+손익!$C$27+손익!$C$28+손익!$C$29+손익!$C$30
B32: 영업손익
B33: 월 영업이익 | C33: =손익!$C$24-손익!$C$31 | E33: 월 공헌이익 − 월 고정비
B34: 영업이익률 | C34: =IF(손익!$C$12=0,0,손익!$C$33/손익!$C$12)

Sheet 손익분기
B1: 손익분기점 (BEP) 분석
B3: 핵심 지표
B4: 손익분기 월 주문건수 | C4: =손익!$C$31/손익!$C$22
B5: 손익분기 배송일당 주문수 | C5: =손익분기!$C$4/손익!$C$4
B6: 손익분기 월 매출액 | C6: =손익분기!$C$4*가정값!$C$5
B7: 현재 가정 대비 안전마진 | C7: =IF(손익!$C$5=0,0,(손익!$C$5-손익분기!$C$4)/손익!$C$5)
B8: 현재 가정 손익 상태 | C8: =IF(손익!$C$33>=0,"흑자 (BEP 통과)","적자 (BEP 미달)")
B9: ※ 위 BEP는 현재 가정값의 건당 배송비를 그대로 적용한 값입니다. 물량이 코스 분기점 미만이면 배송비가 올라가므로 아래 민감도 표를 함께 보세요.
B11: 민감도 — 배송일당 집수별 월 영업이익 (배송비를 물량에 맞춰 재계산)
B12: 배송일당 집수 | C12: 코스 수 | D12: 건당 배송비 | E12: 월 주문건수 | F12: 월 매출 | G12: 월 공헌이익 | H12: 월 고정비 | I12: 월 영업이익 | J12: 손익
B13: 20 | C13: =MAX(1,CEILING($B$13/가정값!$C$18,1)) | D13: =MAX($C13*가정값!$C$16,$B$13*가정값!$C$17)/$B$13 | E13: =$B$13*손익!$C$4 | F13: =$E13*가정값!$C$5 | G13: =(손익!$C$22+손익!$C$17-$D13)*$E13 | H13: =손익!$C$31 | I13: =$G13-$H13 | J13: =IF($I13>=0,"흑자","적자")
B14: 40 | C14: =MAX(1,CEILING($B$14/가정값!$C$18,1)) | D14: =MAX($C14*가정값!$C$16,$B$14*가정값!$C$17)/$B$14 | E14: =$B$14*손익!$C$4 | F14: =$E14*가정값!$C$5 | G14: =(손익!$C$22+손익!$C$17-$D14)*$E14 | H14: =손익!$C$31 | I14: =$G14-$H14 | J14: =IF($I14>=0,"흑자","적자")
B15: 60 | C15: =MAX(1,CEILING($B$15/가정값!$C$18,1)) | D15: =MAX($C15*가정값!$C$16,$B$15*가정값!$C$17)/$B$15 | E15: =$B$15*손익!$C$4 | F15: =$E15*가정값!$C$5 | G15: =(손익!$C$22+손익!$C$17-$D15)*$E15 | H15: =손익!$C$31 | I15: =$G15-$H15 | J15: =IF($I15>=0,"흑자","적자")
B16: 80 | C16: =MAX(1,CEILING($B$16/가정값!$C$18,1)) | D16: =MAX($C16*가정값!$C$16,$B$16*가정값!$C$17)/$B$16 | E16: =$B$16*손익!$C$4 | F16: =$E16*가정값!$C$5 | G16: =(손익!$C$22+손익!$C$17-$D16)*$E16 | H16: =손익!$C$31 | I16: =$G16-$H16 | J16: =IF($I16>=0,"흑자","적자")
B17: 100 | C17: =MAX(1,CEILING($B$17/가정값!$C$18,1)) | D17: =MAX($C17*가정값!$C$16,$B$17*가정값!$C$17)/$B$17 | E17: =$B$17*손익!$C$4 | F17: =$E17*가정값!$C$5 | G17: =(손익!$C$22+손익!$C$17-$D17)*$E17 | H17: =손익!$C$31 | I17: =$G17-$H17 | J17: =IF($I17>=0,"흑자","적자")
B18: 120 | C18: =MAX(1,CEILING($B$18/가정값!$C$18,1)) | D18: =MAX($C18*가정값!$C$16,$B$18*가정값!$C$17)/$B$18 | E18: =$B$18*손익!$C$4 | F18: =$E18*가정값!$C$5 | G18: =(손익!$C$22+손익!$C$17-$D18)*$E18 | H18: =손익!$C$31 | I18: =$G18-$H18 | J18: =IF($I18>=0,"흑자","적자")
B19: 150 | C19: =MAX(1,CEILING($B$19/가정값!$C$18,1)) | D19: =MAX($C19*가정값!$C$16,$B$19*가정값!$C$17)/$B$19 | E19: =$B$19*손익!$C$4 | F19: =$E19*가정값!$C$5 | G19: =(손익!$C$22+손익!$C$17-$D19)*$E19 | H19: =손익!$C$31 | I19: =$G19-$H19 | J19: =IF($I19>=0,"흑자","적자")
B20: 200 | C20: =MAX(1,CEILING($B$20/가정값!$C$18,1)) | D20: =MAX($C20*가정값!$C$16,$B$20*가정값!$C$17)/$B$20 | E20: =$B$20*손익!$C$4 | F20: =$E20*가정값!$C$5 | G20: =(손익!$C$22+손익!$C$17-$D20)*$E20 | H20: =손익!$C$31 | I20: =$G20-$H20 | J20: =IF($I20>=0,"흑자","적자")
B21: 250 | C21: =MAX(1,CEILING($B$21/가정값!$C$18,1)) | D21: =MAX($C21*가정값!$C$16,$B$21*가정값!$C$17)/$B$21 | E21: =$B$21*손익!$C$4 | F21: =$E21*가정값!$C$5 | G21: =(손익!$C$22+손익!$C$17-$D21)*$E21 | H21: =손익!$C$31 | I21: =$G21-$H21 | J21: =IF($I21>=0,"흑자","적자")
B22: 300 | C22: =MAX(1,CEILING($B$22/가정값!$C$18,1)) | D22: =MAX($C22*가정값!$C$16,$B$22*가정값!$C$17)/$B$22 | E22: =$B$22*손익!$C$4 | F22: =$E22*가정값!$C$5 | G22: =(손익!$C$22+손익!$C$17-$D22)*$E22 | H22: =손익!$C$31 | I22: =$G22-$H22 | J22: =IF($I22>=0,"흑자","적자")
B24: 민감도 — 코스 최소 보장액별 실질 건당 배송비 (보장액 확정 전 비교용)
B25: 배송일당 집수 | C25: 보장액 7만 원 | D25: 보장액 8만 원 | E25: 보장액 9만 원 | F25: 보장액 10만 원 | G25: 보장액 12만 원
B26: 40 | C26: =MAX(MAX(1,CEILING($B$26/가정값!$C$18,1))*70000,$B$26*가정값!$C$17)/$B$26 | D26: =MAX(MAX(1,CEILING($B$26/가정값!$C$18,1))*80000,$B$26*가정값!$C$17)/$B$26 | E26: =MAX(MAX(1,CEILING($B$26/가정값!$C$18,1))*90000,$B$26*가정값!$C$17)/$B$26 | F26: =MAX(MAX(1,CEILING($B$26/가정값!$C$18,1))*100000,$B$26*가정값!$C$17)/$B$26 | G26: =MAX(MAX(1,CEILING($B$26/가정값!$C$18,1))*120000,$B$26*가정값!$C$17)/$B$26
B27: 60 | C27: =MAX(MAX(1,CEILING($B$27/가정값!$C$18,1))*70000,$B$27*가정값!$C$17)/$B$27 | D27: =MAX(MAX(1,CEILING($B$27/가정값!$C$18,1))*80000,$B$27*가정값!$C$17)/$B$27 | E27: =MAX(MAX(1,CEILING($B$27/가정값!$C$18,1))*90000,$B$27*가정값!$C$17)/$B$27 | F27: =MAX(MAX(1,CEILING($B$27/가정값!$C$18,1))*100000,$B$27*가정값!$C$17)/$B$27 | G27: =MAX(MAX(1,CEILING($B$27/가정값!$C$18,1))*120000,$B$27*가정값!$C$17)/$B$27
B28: 80 | C28: =MAX(MAX(1,CEILING($B$28/가정값!$C$18,1))*70000,$B$28*가정값!$C$17)/$B$28 | D28: =MAX(MAX(1,CEILING($B$28/가정값!$C$18,1))*80000,$B$28*가정값!$C$17)/$B$28 | E28: =MAX(MAX(1,CEILING($B$28/가정값!$C$18,1))*90000,$B$28*가정값!$C$17)/$B$28 | F28: =MAX(MAX(1,CEILING($B$28/가정값!$C$18,1))*100000,$B$28*가정값!$C$17)/$B$28 | G28: =MAX(MAX(1,CEILING($B$28/가정값!$C$18,1))*120000,$B$28*가정값!$C$17)/$B$28
B29: 100 | C29: =MAX(MAX(1,CEILING($B$29/가정값!$C$18,1))*70000,$B$29*가정값!$C$17)/$B$29 | D29: =MAX(MAX(1,CEILING($B$29/가정값!$C$18,1))*80000,$B$29*가정값!$C$17)/$B$29 | E29: =MAX(MAX(1,CEILING($B$29/가정값!$C$18,1))*90000,$B$29*가정값!$C$17)/$B$29 | F29: =MAX(MAX(1,CEILING($B$29/가정값!$C$18,1))*100000,$B$29*가정값!$C$17)/$B$29 | G29: =MAX(MAX(1,CEILING($B$29/가정값!$C$18,1))*120000,$B$29*가정값!$C$17)/$B$29
B30: 120 | C30: =MAX(MAX(1,CEILING($B$30/가정값!$C$18,1))*70000,$B$30*가정값!$C$17)/$B$30 | D30: =MAX(MAX(1,CEILING($B$30/가정값!$C$18,1))*80000,$B$30*가정값!$C$17)/$B$30 | E30: =MAX(MAX(1,CEILING($B$30/가정값!$C$18,1))*90000,$B$30*가정값!$C$17)/$B$30 | F30: =MAX(MAX(1,CEILING($B$30/가정값!$C$18,1))*100000,$B$30*가정값!$C$17)/$B$30 | G30: =MAX(MAX(1,CEILING($B$30/가정값!$C$18,1))*120000,$B$30*가정값!$C$17)/$B$30
B31: 150 | C31: =MAX(MAX(1,CEILING($B$31/가정값!$C$18,1))*70000,$B$31*가정값!$C$17)/$B$31 | D31: =MAX(MAX(1,CEILING($B$31/가정값!$C$18,1))*80000,$B$31*가정값!$C$17)/$B$31 | E31: =MAX(MAX(1,CEILING($B$31/가정값!$C$18,1))*90000,$B$31*가정값!$C$17)/$B$31 | F31: =MAX(MAX(1,CEILING($B$31/가정값!$C$18,1))*100000,$B$31*가정값!$C$17)/$B$31 | G31: =MAX(MAX(1,CEILING($B$31/가정값!$C$18,1))*120000,$B$31*가정값!$C$17)/$B$31
B32: 200 | C32: =MAX(MAX(1,CEILING($B$32/가정값!$C$18,1))*70000,$B$32*가정값!$C$17)/$B$32 | D32: =MAX(MAX(1,CEILING($B$32/가정값!$C$18,1))*80000,$B$32*가정값!$C$17)/$B$32 | E32: =MAX(MAX(1,CEILING($B$32/가정값!$C$18,1))*90000,$B$32*가정값!$C$17)/$B$32 | F32: =MAX(MAX(1,CEILING($B$32/가정값!$C$18,1))*100000,$B$32*가정값!$C$17)/$B$32 | G32: =MAX(MAX(1,CEILING($B$32/가정값!$C$18,1))*120000,$B$32*가정값!$C$17)/$B$32
B33: 300 | C33: =MAX(MAX(1,CEILING($B$33/가정값!$C$18,1))*70000,$B$33*가정값!$C$17)/$B$33 | D33: =MAX(MAX(1,CEILING($B$33/가정값!$C$18,1))*80000,$B$33*가정값!$C$17)/$B$33 | E33: =MAX(MAX(1,CEILING($B$33/가정값!$C$18,1))*90000,$B$33*가정값!$C$17)/$B$33 | F33: =MAX(MAX(1,CEILING($B$33/가정값!$C$18,1))*100000,$B$33*가정값!$C$17)/$B$33 | G33: =MAX(MAX(1,CEILING($B$33/가정값!$C$18,1))*120000,$B$33*가정값!$C$17)/$B$33
B35: ※ 노란 셀(가정값 시트)을 바꾸면 모든 수치가 자동 재계산됩니다. 보장액은 협의에 따라 바뀔 수 있으므로 위 표에서 금액별 영향을 먼저 확인하세요.
